,Repository Name,Stars,Forks,URL
0,react-projects,"4,772","3,860",https://github.com/john-smilga/react-projects
1,node-express-course,"3,482","3,657",https://github.com/john-smilga/node-express-course
2,nextjs-course-openai,124,58,https://github.com/john-smilga/nextjs-course-openai
3,react-course-v3,"1,457",835,https://github.com/john-smilga/react-course-v3
4,nextjs-course-home-away,26,8,https://github.com/john-smilga/nextjs-course-home-away
5,react-course-comfy-sloth-starter,72,103,https://github.com/john-smilga/react-course-comfy-sloth-starter
6,nextjs-starter-kit-v1,15,3,https://github.com/john-smilga/nextjs-starter-kit-v1
7,javascript-basic-projects,"3,630","3,752",https://github.com/john-smilga/javascript-basic-projects
8,react-course-comfy-sloth-store,126,83,https://github.com/john-smilga/react-course-comfy-sloth-store
9,react-vite-projects-14-cart,12,0,https://github.com/john-smilga/react-vite-projects-14-cart
10,react-vite-projects-6-tabs,6,1,https://github.com/john-smilga/react-vite-projects-6-tabs
11,react-vite-projects-2-tours,12,0,https://github.com/john-smilga/react-vite-projects-2-tours
12,redux-toolkit-jobster,116,49,https://github.com/john-smilga/redux-toolkit-jobster
13,redux-toolkit-jobster-api-server,6,0,https://github.com/john-smilga/redux-toolkit-jobster-api-server
14,bootstrap-only-bootstrap-project,8,5,https://github.com/john-smilga/bootstrap-only-bootstrap-project
15,redux-toolkit-tutorial,431,349,https://github.com/john-smilga/redux-toolkit-tutorial
16,mern-jobify-v2,134,60,https://github.com/john-smilga/mern-jobify-v2
17,typescript-course,170,80,https://github.com/john-smilga/typescript-course
18,serverless-functions-complete-project,33,16,https://github.com/john-smilga/serverless-functions-complete-project
19,task-manager-app,14,4,https://github.com/john-smilga/task-manager-app
20,strapi-comfy-store-api-server,9,5,https://github.com/john-smilga/strapi-comfy-store-api-server
21,test-random-stuff,5,1,https://github.com/john-smilga/test-random-stuff
22,react-advanced-2020,888,"1,157",https://github.com/john-smilga/react-advanced-2020
23,javascript-comfy-store-course-project,30,17,https://github.com/john-smilga/javascript-comfy-store-course-project
24,javascript-nuggets,148,111,https://github.com/john-smilga/javascript-nuggets
25,react-vite-projects-19-comfy-store-v2,34,5,https://github.com/john-smilga/react-vite-projects-19-comfy-store-v2
26,react-vite-projects-18-tailwind-portfolio,22,2,https://github.com/john-smilga/react-vite-projects-18-tailwind-portfolio
27,react-vite-projects-7-slider,6,1,https://github.com/john-smilga/react-vite-projects-7-slider
28,gatsby-mdx-blog-project,6,2,https://github.com/john-smilga/gatsby-mdx-blog-project
29,gatsby-mdx-project-starter,6,2,https://github.com/john-smilga/gatsby-mdx-project-starter
30,udemy-mdx-question,3,2,https://github.com/john-smilga/udemy-mdx-question
31,gatsby-second-tutorial-recording,5,2,https://github.com/john-smilga/gatsby-second-tutorial-recording
32,gatsby-tutorial-project,8,2,https://github.com/john-smilga/gatsby-tutorial-project
33,starter-project-gatsby-mdx-blog-course-project,21,14,https://github.com/john-smilga/starter-project-gatsby-mdx-blog-course-project
34,starter-project-gatsby-airtable-design-site,11,4,https://github.com/john-smilga/starter-project-gatsby-airtable-design-site
35,gatsby-airtable-design-project,8,9,https://github.com/john-smilga/gatsby-airtable-design-project
36,gatsby-restaurant-project,11,8,https://github.com/john-smilga/gatsby-restaurant-project
37,gatsby-tutorial-2020,38,23,https://github.com/john-smilga/gatsby-tutorial-2020
38,udemy-question-gatsby-tutorial,4,2,https://github.com/john-smilga/udemy-question-gatsby-tutorial
39,question-udemy-gatsby,3,0,https://github.com/john-smilga/question-udemy-gatsby
40,udemy-gatsby-project-response,2,0,https://github.com/john-smilga/udemy-gatsby-project-response
41,gatsby-personal-site-2019-starter,12,6,https://github.com/john-smilga/gatsby-personal-site-2019-starter
42,react-vite-projects-17-cocktails,15,0,https://github.com/john-smilga/react-vite-projects-17-cocktails
43,setup-files-flexbox-backroads-new-design,8,5,https://github.com/john-smilga/setup-files-flexbox-backroads-new-design
44,html-css-simply-recipes,204,225,https://github.com/john-smilga/html-css-simply-recipes
45,mern-course-jobify,272,204,https://github.com/john-smilga/mern-course-jobify
46,vanilla-js-basic-project-20-filters,11,1,https://github.com/john-smilga/vanilla-js-basic-project-20-filters
47,react-projects-7-slider,10,1,https://github.com/john-smilga/react-projects-7-slider
48,react-vite-projects-3-reviews,3,1,https://github.com/john-smilga/react-vite-projects-3-reviews
49,react-vite-projects-1-birthday-buddy,4,0,https://github.com/john-smilga/react-vite-projects-1-birthday-buddy
50,react-vite-projects-13-strapi-menu,5,0,https://github.com/john-smilga/react-vite-projects-13-strapi-menu
51,react-router-6-tutorial,236,198,https://github.com/john-smilga/react-router-6-tutorial
52,react-vite-projects-15-unsplash-images,10,2,https://github.com/john-smilga/react-vite-projects-15-unsplash-images
53,default-starter-latest-version,19,5,https://github.com/john-smilga/default-starter-latest-version
54,react-vite-projects-16-contentful,17,1,https://github.com/john-smilga/react-vite-projects-16-contentful
55,axios-tutorial-react,92,101,https://github.com/john-smilga/axios-tutorial-react
56,react-vite-projects-10-grocery-bud,6,1,https://github.com/john-smilga/react-vite-projects-10-grocery-bud
57,react-vite-projects-9-color-generator,4,0,https://github.com/john-smilga/react-vite-projects-9-color-generator
58,default-starter,175,85,https://github.com/john-smilga/default-starter
59,gatsby-mdx-blog-udemy-course-second-project-starter-project,11,2,https://github.com/john-smilga/gatsby-mdx-blog-udemy-course-second-project-starter-project
60,gatsby-strapi-portfolio-site-2020,65,60,https://github.com/john-smilga/gatsby-strapi-portfolio-site-2020
61,starter-project-gatsby-strapi-portfolio-2020,96,88,https://github.com/john-smilga/starter-project-gatsby-strapi-portfolio-2020
62,youtube-react-debounce,19,0,https://github.com/john-smilga/youtube-react-debounce
63,react-vite-projects-12-sidebar,7,0,https://github.com/john-smilga/react-vite-projects-12-sidebar
64,react-vite-projects-11-navbar,6,0,https://github.com/john-smilga/react-vite-projects-11-navbar
65,react-vite-projects-8-lorem-ipsum,3,0,https://github.com/john-smilga/react-vite-projects-8-lorem-ipsum
66,react-vite-projects-5-menu,6,2,https://github.com/john-smilga/react-vite-projects-5-menu
67,react-vite-projects-4-accordion,3,0,https://github.com/john-smilga/react-vite-projects-4-accordion
68,setup-files-react-budget-calculator,14,27,https://github.com/john-smilga/setup-files-react-budget-calculator
69,javascript-tutorial-source-code,52,33,https://github.com/john-smilga/javascript-tutorial-source-code
70,youtube-react-formdata-api,19,4,https://github.com/john-smilga/youtube-react-formdata-api
71,starter-project-react-github-search-users,83,89,https://github.com/john-smilga/starter-project-react-github-search-users
72,react-search-github-users,104,66,https://github.com/john-smilga/react-search-github-users
73,js-comfy-house-parcel-setup,25,10,https://github.com/john-smilga/js-comfy-house-parcel-setup
74,react-hooks-budged-calculator-app,65,40,https://github.com/john-smilga/react-hooks-budged-calculator-app
75,gatsby-coffee-project,34,9,https://github.com/john-smilga/gatsby-coffee-project
76,react-beach-resort-project,312,258,https://github.com/john-smilga/react-beach-resort-project
77,react-meals-application-freeCodeCamp,35,16,https://github.com/john-smilga/react-meals-application-freeCodeCamp
78,react-projects-2-tours,16,3,https://github.com/john-smilga/react-projects-2-tours
79,express-portfolio-server,7,0,https://github.com/john-smilga/express-portfolio-server
80,express-simple-portfolio-server,4,0,https://github.com/john-smilga/express-simple-portfolio-server
81,svelte-store-project,28,11,https://github.com/john-smilga/svelte-store-project
82,svelte-budget-project-recording,21,4,https://github.com/john-smilga/svelte-budget-project-recording
83,svelte-tutorial-budget-calculator-project,16,6,https://github.com/john-smilga/svelte-tutorial-budget-calculator-project
84,react-jobs-app,65,28,https://github.com/john-smilga/react-jobs-app
85,render-jobs-api,8,0,https://github.com/john-smilga/render-jobs-api
86,react-advanced-v18,101,91,https://github.com/john-smilga/react-advanced-v18
87,starter-project-gatsby-v3-mdx-blog,13,14,https://github.com/john-smilga/starter-project-gatsby-v3-mdx-blog
88,redux-tutorial-cart,37,22,https://github.com/john-smilga/redux-tutorial-cart
89,html-css-mini-projects,75,59,https://github.com/john-smilga/html-css-mini-projects
90,starter-project-redux-tutorial-cart,38,75,https://github.com/john-smilga/starter-project-redux-tutorial-cart
91,html-css-grid-project-recording,67,44,https://github.com/john-smilga/html-css-grid-project-recording
92,svelte-store-server,14,1,https://github.com/john-smilga/svelte-store-server
93,js-course-challanges,28,6,https://github.com/john-smilga/js-course-challanges
94,js-course-extra-content,15,0,https://github.com/john-smilga/js-course-extra-content
95,html-css-course-v2,30,18,https://github.com/john-smilga/html-css-course-v2
96,setup-files-js-comfy-house,184,287,https://github.com/john-smilga/setup-files-js-comfy-house
97,question-udemy-gatsby-course,6,0,https://github.com/john-smilga/question-udemy-gatsby-course
98,vs-code-setup-javascript-course,37,9,https://github.com/john-smilga/vs-code-setup-javascript-course
99,vs-code-setup-2022,89,35,https://github.com/john-smilga/vs-code-setup-2022
100,starter-project-gatsby-v3-strapi-portfolio,28,21,https://github.com/john-smilga/starter-project-gatsby-v3-strapi-portfolio
101,react-projects-19-stock-photos,12,3,https://github.com/john-smilga/react-projects-19-stock-photos
102,react-node-user-workflow-front-end,25,2,https://github.com/john-smilga/react-node-user-workflow-front-end
103,react-basics-2020,242,187,https://github.com/john-smilga/react-basics-2020
104,html-css-comfy-store-js-course,42,19,https://github.com/john-smilga/html-css-comfy-store-js-course
105,html-css-mini-projects-site,17,2,https://github.com/john-smilga/html-css-mini-projects-site
106,javascript-challanges-series,26,5,https://github.com/john-smilga/javascript-challanges-series
107,html-css-nuggets,15,3,https://github.com/john-smilga/html-css-nuggets
108,styled-components-v5,36,18,https://github.com/john-smilga/styled-components-v5
109,react-nuggets,20,9,https://github.com/john-smilga/react-nuggets
110,react-projects-site,11,1,https://github.com/john-smilga/react-projects-site
111,starter-project-gatsby-v3-airtable-design,10,2,https://github.com/john-smilga/starter-project-gatsby-v3-airtable-design
112,gatsby-v3-design-airtable-complete,13,9,https://github.com/john-smilga/gatsby-v3-design-airtable-complete
113,gatsby-v3-mdx-blog-complete,16,19,https://github.com/john-smilga/gatsby-v3-mdx-blog-complete
114,gatsby-v3-portfolio-project,32,27,https://github.com/john-smilga/gatsby-v3-portfolio-project
115,js-nuggets-react-props,10,0,https://github.com/john-smilga/js-nuggets-react-props
116,gatsby-v3-tutorial-recipes,104,84,https://github.com/john-smilga/gatsby-v3-tutorial-recipes
117,VS-CODE-SETUP,598,357,https://github.com/john-smilga/VS-CODE-SETUP
118,serverless-react-all-examples-complete,16,5,https://github.com/john-smilga/serverless-react-all-examples-complete
119,serverless-functions-starter,19,17,https://github.com/john-smilga/serverless-functions-starter
120,react-projects-6-tabs,7,1,https://github.com/john-smilga/react-projects-6-tabs
121,express-basic-test-server,10,1,https://github.com/john-smilga/express-basic-test-server
122,serverless-func-react,8,2,https://github.com/john-smilga/serverless-func-react
123,serverless-func-react-starter,6,4,https://github.com/john-smilga/serverless-func-react-starter
124,gatsby-backroads-project-recording,12,4,https://github.com/john-smilga/gatsby-backroads-project-recording
125,react-udemy-vintage-tech-extra-fetures,15,7,https://github.com/john-smilga/react-udemy-vintage-tech-extra-fetures
126,starter-project-react-tech-store-v2,10,11,https://github.com/john-smilga/starter-project-react-tech-store-v2
127,react-e-commerce-v2,24,18,https://github.com/john-smilga/react-e-commerce-v2
128,react-phone-e-commerce-project,144,118,https://github.com/john-smilga/react-phone-e-commerce-project
129,question-portfolio-udemy-gatsby-course,8,0,https://github.com/john-smilga/question-portfolio-udemy-gatsby-course
130,react-projects-23-quiz,15,5,https://github.com/john-smilga/react-projects-23-quiz
131,react-projects-22-hacker-news,11,4,https://github.com/john-smilga/react-projects-22-hacker-news
132,react-projects-21-movie-db,16,4,https://github.com/john-smilga/react-projects-21-movie-db
133,react-projects-20-dark-mode,9,3,https://github.com/john-smilga/react-projects-20-dark-mode
134,react-projects-18-pagination,8,1,https://github.com/john-smilga/react-projects-18-pagination
135,react-projects-17-random-user,6,1,https://github.com/john-smilga/react-projects-17-random-user
136,take-home-assignment,5,2,https://github.com/john-smilga/take-home-assignment
137,react-projects-14-useReducer-cart,7,0,https://github.com/john-smilga/react-projects-14-useReducer-cart
138,setup-files-html-css-tea-station-new-design,8,6,https://github.com/john-smilga/setup-files-html-css-tea-station-new-design
139,javascript-projects-18-pagination,8,1,https://github.com/john-smilga/javascript-projects-18-pagination
140,react-projects-16-markdown-preview,7,1,https://github.com/john-smilga/react-projects-16-markdown-preview
141,react-projects-starter-app,7,2,https://github.com/john-smilga/react-projects-starter-app
142,react-projects-9-color-generator,8,0,https://github.com/john-smilga/react-projects-9-color-generator
143,react-projects-15-cocktails,13,3,https://github.com/john-smilga/react-projects-15-cocktails
144,universal-loader,7,0,https://github.com/john-smilga/universal-loader
145,react-projects-13-stripe-submenus,7,1,https://github.com/john-smilga/react-projects-13-stripe-submenus
146,react-projects-5-menu,10,3,https://github.com/john-smilga/react-projects-5-menu
147,html-css-slider-project,14,9,https://github.com/john-smilga/html-css-slider-project
148,react-projects-10-grocery-bud,8,2,https://github.com/john-smilga/react-projects-10-grocery-bud
149,react-projects-8-lorem-ipsum-generator,6,0,https://github.com/john-smilga/react-projects-8-lorem-ipsum-generator
150,react-projects-12-sidebar-modal,4,0,https://github.com/john-smilga/react-projects-12-sidebar-modal
151,react-projects-11-navbar,7,0,https://github.com/john-smilga/react-projects-11-navbar
152,html-css-only-floats-tea-station-project,20,19,https://github.com/john-smilga/html-css-only-floats-tea-station-project
153,react-person-list-project,14,4,https://github.com/john-smilga/react-person-list-project
154,react-projects-4-accordion,7,0,https://github.com/john-smilga/react-projects-4-accordion
155,react-projects-3-reviews,4,1,https://github.com/john-smilga/react-projects-3-reviews
156,react-projects-1-birthday-reminder,15,4,https://github.com/john-smilga/react-projects-1-birthday-reminder
157,javascript-oop-course-projects,18,14,https://github.com/john-smilga/javascript-oop-course-projects
158,react-nuggets-context-api-example,8,1,https://github.com/john-smilga/react-nuggets-context-api-example
159,bootstrap-4-sushi-monster-website,9,1,https://github.com/john-smilga/bootstrap-4-sushi-monster-website
160,javascript-course-basic-ajax-projects,10,12,https://github.com/john-smilga/javascript-course-basic-ajax-projects
161,starter-project-redux-tutorial-counter-project,6,7,https://github.com/john-smilga/starter-project-redux-tutorial-counter-project
162,html-css-tea-station-new-design,7,3,https://github.com/john-smilga/html-css-tea-station-new-design
163,udemy-question,4,0,https://github.com/john-smilga/udemy-question
164,react-timestamp-app,4,1,https://github.com/john-smilga/react-timestamp-app
165,starter-project-css-grid-udemy-portfolio-project,22,23,https://github.com/john-smilga/starter-project-css-grid-udemy-portfolio-project
166,html-css-portfolio-project-with-css-grid,11,2,https://github.com/john-smilga/html-css-portfolio-project-with-css-grid
167,scrimba-redux-cart-complete,5,0,https://github.com/john-smilga/scrimba-redux-cart-complete
168,scrimba-redux-cart-setup,3,1,https://github.com/john-smilga/scrimba-redux-cart-setup
169,html-css-flexbox-backroads-new-design-2020,6,2,https://github.com/john-smilga/html-css-flexbox-backroads-new-design-2020
170,html-css-tutorial-source-code,15,11,https://github.com/john-smilga/html-css-tutorial-source-code
171,bazinga-example,4,1,https://github.com/john-smilga/bazinga-example
172,udemy-question-gatsby-blog,3,0,https://github.com/john-smilga/udemy-question-gatsby-blog
173,gatsby-courses,4,0,https://github.com/john-smilga/gatsby-courses
174,css-grid-udemy-restaurant-project,4,1,https://github.com/john-smilga/css-grid-udemy-restaurant-project
175,js-tutorial-recording,3,0,https://github.com/john-smilga/js-tutorial-recording
176,redux-tutorial-simple-counter,10,1,https://github.com/john-smilga/redux-tutorial-simple-counter
177,react-cocktailsdb-project,5,4,https://github.com/john-smilga/react-cocktailsdb-project
178,starter-project-react-cocktailsdb,2,6,https://github.com/john-smilga/starter-project-react-cocktailsdb
179,bootstrap-car-dealership,7,1,https://github.com/john-smilga/bootstrap-car-dealership
180,setup-files-svelte-budget-calculator-project,2,3,https://github.com/john-smilga/setup-files-svelte-budget-calculator-project
181,setup-files-html-css-grid-mini-projects,3,1,https://github.com/john-smilga/setup-files-html-css-grid-mini-projects
182,firebase-restaurant-application,4,4,https://github.com/john-smilga/firebase-restaurant-application
183,firebase-basic-app,3,1,https://github.com/john-smilga/firebase-basic-app
184,js-slider-project,7,0,https://github.com/john-smilga/js-slider-project
185,js-simple-calculator,8,2,https://github.com/john-smilga/js-simple-calculator
186,js-budget-calculator-project,9,1,https://github.com/john-smilga/js-budget-calculator-project
187,grid-mini-projects,11,1,https://github.com/john-smilga/grid-mini-projects
188,flexbox-backroads-project,11,13,https://github.com/john-smilga/flexbox-backroads-project
189,setup-files-gatsby-backroads-project,3,0,https://github.com/john-smilga/setup-files-gatsby-backroads-project
190,setup-files-gatsby-mdx-blog-project,4,0,https://github.com/john-smilga/setup-files-gatsby-mdx-blog-project
191,setup-files-react-beach-resort,111,243,https://github.com/john-smilga/setup-files-react-beach-resort
192,setup-files-styled-components-hotel-project,5,1,https://github.com/john-smilga/setup-files-styled-components-hotel-project
193,styled-components-hotel-project,6,0,https://github.com/john-smilga/styled-components-hotel-project
194,react-question,3,1,https://github.com/john-smilga/react-question
195,styled-components-tutorial,4,2,https://github.com/john-smilga/styled-components-tutorial
196,old-js-challanges,4,1,https://github.com/john-smilga/old-js-challanges
197,react-tech-store,10,9,https://github.com/john-smilga/react-tech-store
198,js-comfy-house-furniture-store,20,15,https://github.com/john-smilga/js-comfy-house-furniture-store
199,setup-files-react-tech-store,4,2,https://github.com/john-smilga/setup-files-react-tech-store
200,setup-files-revised-react-recipe-application,5,1,https://github.com/john-smilga/setup-files-revised-react-recipe-application
201,react-revised-recipe-application,7,2,https://github.com/john-smilga/react-revised-recipe-application
202,react-luxury-hotel,9,4,https://github.com/john-smilga/react-luxury-hotel
203,react-city-tours-project,12,11,https://github.com/john-smilga/react-city-tours-project
204,html-css-fast-and-faster-car-project,7,0,https://github.com/john-smilga/html-css-fast-and-faster-car-project
205,Drum-Machine-Challenge,3,2,https://github.com/john-smilga/Drum-Machine-Challenge
206,setup-files-gatsby-restaurant,4,1,https://github.com/john-smilga/setup-files-gatsby-restaurant
207,setup-files-gatsby-coffee,16,7,https://github.com/john-smilga/setup-files-gatsby-coffee
208,setup-gatsby-restaurant,3,0,https://github.com/john-smilga/setup-gatsby-restaurant
209,js-cart-setup,105,166,https://github.com/john-smilga/js-cart-setup
210,shared-files,3,0,https://github.com/john-smilga/shared-files
211,react-recipe-search-project,11,10,https://github.com/john-smilga/react-recipe-search-project
212,random-stuff,3,0,https://github.com/john-smilga/random-stuff
213,gatsby-starter-project,3,1,https://github.com/john-smilga/gatsby-starter-project
214,gatsby-real-estate-project,10,2,https://github.com/john-smilga/gatsby-real-estate-project
215,gatsby-store,3,0,https://github.com/john-smilga/gatsby-store
216,setup-filese-react-phone-e-commerce-project,148,207,https://github.com/john-smilga/setup-filese-react-phone-e-commerce-project
217,grid-coffee-project-final,12,5,https://github.com/john-smilga/grid-coffee-project-final
218,bootstrap-renters-real-estate-project,5,0,https://github.com/john-smilga/bootstrap-renters-real-estate-project
219,bootstrap-furniture-e-commrece,5,0,https://github.com/john-smilga/bootstrap-furniture-e-commrece
220,setup-files-react-recipe-project,6,11,https://github.com/john-smilga/setup-files-react-recipe-project
221,js-zomatoAPI-setup,4,0,https://github.com/john-smilga/js-zomatoAPI-setup
222,js-zomato-restaurant-app,5,2,https://github.com/john-smilga/js-zomato-restaurant-app
223,react-todo-list,17,11,https://github.com/john-smilga/react-todo-list
224,setup-files-react-city-tours-project,9,10,https://github.com/john-smilga/setup-files-react-city-tours-project
225,setup-files-react-person-list-project,5,6,https://github.com/john-smilga/setup-files-react-person-list-project
226,gatsby-bootstrap,4,0,https://github.com/john-smilga/gatsby-bootstrap
227,react-project5-portfolio,6,2,https://github.com/john-smilga/react-project5-portfolio
228,react-fourth-project-hotel-room-search,5,0,https://github.com/john-smilga/react-fourth-project-hotel-room-search
229,react-third-project-todo-list,5,2,https://github.com/john-smilga/react-third-project-todo-list
230,flexbox-car-dealership,5,0,https://github.com/john-smilga/flexbox-car-dealership
231,gulp-css,3,1,https://github.com/john-smilga/gulp-css
232,boot-sweets-setup,14,18,https://github.com/john-smilga/boot-sweets-setup
233,cars,4,0,https://github.com/john-smilga/cars
234,js-githubAPI-setup,4,0,https://github.com/john-smilga/js-githubAPI-setup
235,js-wheatherAPI-setup,4,0,https://github.com/john-smilga/js-wheatherAPI-setup
236,js-httpMethods-setup,3,0,https://github.com/john-smilga/js-httpMethods-setup
237,js-wikiAPI-setup,4,1,https://github.com/john-smilga/js-wikiAPI-setup
238,js-randomPersonAPI-setup,3,1,https://github.com/john-smilga/js-randomPersonAPI-setup
239,js-jokes-setup,4,1,https://github.com/john-smilga/js-jokes-setup
240,js-budget-setup,87,189,https://github.com/john-smilga/js-budget-setup
241,js-toDoList-setup,6,6,https://github.com/john-smilga/js-toDoList-setup
242,js-course-form-setup,3,0,https://github.com/john-smilga/js-course-form-setup
243,js-flashcards-setup,4,0,https://github.com/john-smilga/js-flashcards-setup
244,js-calculator-setup,6,1,https://github.com/john-smilga/js-calculator-setup
245,js-grocery-list-setup,3,0,https://github.com/john-smilga/js-grocery-list-setup
246,js-tip-calculator-setup,3,0,https://github.com/john-smilga/js-tip-calculator-setup
247,js-filter-setup,3,2,https://github.com/john-smilga/js-filter-setup
248,js-modal-setup,3,0,https://github.com/john-smilga/js-modal-setup
249,js-backgroundImage-setup,5,3,https://github.com/john-smilga/js-backgroundImage-setup
250,js-counter-setup,3,0,https://github.com/john-smilga/js-counter-setup
251,js-displayQuotes-setup,4,0,https://github.com/john-smilga/js-displayQuotes-setup
252,js-passMessage-setup,4,1,https://github.com/john-smilga/js-passMessage-setup
253,js-testimonials-setup,3,0,https://github.com/john-smilga/js-testimonials-setup
254,js-hexColor-setup,3,0,https://github.com/john-smilga/js-hexColor-setup
255,sweets-php-insert,4,0,https://github.com/john-smilga/sweets-php-insert
256,js-changeBackground-setup,5,1,https://github.com/john-smilga/js-changeBackground-setup
